"ID", "Priorisation" ,"Catégories","Objet de risque","Péril","Gravité","Frequence","Criticité (GxF)","Prevention","Protection","Cout du risque min","Cout du risque max","Cout du risque s'il survient","Coût min","Coût max","Coût de la solution","Gravité prévisionnelle","Frequence prévisionnelle","Criticité prévisionnelle","Commentaire","Incidence direct","Incidence indirecte"
"1", "10","Technique","Complexité potentielle due à la multiplicité des fonctionnalités","Difficulté de développement, bugs, mauvaise UX","4","3","12","Architecture modulaire, tests unitaires et d'intégration, sprints courts","Plan de rollback, monitoring des performances, support technique réactif","5000","20000","10000","2000","8000","5000","2","1","2","Risque inhérent à un projet innovant avec de nombreuses fonctionnalités. Peut être atténué par une bonne gestion de projet et des pratiques de développement robustes.","Retards de développement, augmentation des coûts, insatisfaction des utilisateurs","Mauvaise réputation, perte de parts de marché"
"2", "","Technique","Dépendance aux appareils mobiles avec capteurs spécifiques pour l'expérience complète","Limitation de la base d'utilisateurs, mauvaise expérience sur appareils non compatibles","3","3","9","Développer des fonctionnalités alternatives pour les appareils moins performants, communiquer clairement les exigences minimales","Optimisation continue de l'application, support pour différents niveaux de performance","3000","15000","8000","1500","6000","4000","2","2","4","La RA et la géolocalisation nécessitent des capteurs spécifiques. Cela peut exclure une partie des utilisateurs potentiels.","Réduction du nombre d'utilisateurs actifs, plaintes des utilisateurs","Difficulté à atteindre la masse critique, impact sur les revenus"
"3", "2","Technique","Coûts de développement et de maintenance potentiellement élevés","Dépassement budgétaire, réduction des fonctionnalités, arrêt du projet","5","4","20","Estimation budgétaire rigoureuse, suivi des dépenses, choix technologiques pertinents","Fonds de contingence, priorisation des fonctionnalités, recherche de financements additionnels","20000","100000","50000","5000","20000","10000","3","2","6","Projet technologique complexe avec des coûts élevés. Nécessite une gestion financière très stricte.","Difficultés financières, réduction de l'équipe, fonctionnalités non implémentées","Échec du projet, perte de crédibilité"
"4", "8","Technique","Risques de sécurité liés à la gestion de monnaie virtuelle et de données sensibles","Fuite de données, piratage, perte de confiance des utilisateurs, sanctions légales","5","3","15","Audits de sécurité réguliers, cryptage des données, conformité RGPD, authentification forte","Assurance cyber-risque, plan de réponse aux incidents, communication transparente en cas de brèche","10000","500000","100000","5000","50000","20000","2","1","2","La gestion de monnaie virtuelle et de données personnelles est un point critique. La sécurité doit être une priorité absolue.","Pertes financières, amendes, poursuites judiciaires, perte de données","Atteinte à la réputation, désabonnement des utilisateurs"
"5", "6","Technique","Évolution rapide des technologies de réalité augmentée pouvant nécessiter des mises à jour fréquentes","Obsolescence technologique, coûts de mise à jour élevés, retard par rapport à la concurrence","4","4","16","Veille technologique constante, architecture flexible, partenariats avec des fournisseurs de technologie","Budgets de R&D dédiés, équipes de développement agiles, plan de migration technologique","5000","30000","15000","2000","10000","5000","3","3","9","Le domaine de la RA est en constante évolution. Il faut être prêt à s'adapter rapidement.","Coûts de développement imprévus, fonctionnalités obsolètes, expérience utilisateur dégradée","Perte d'attractivité, désavantage concurrentiel"
"6", "5","Technique","Risque de bugs techniques, difficulté de géolocalisation","Mauvaise expérience utilisateur, frustration, désinstallation de l'application","4","4","16","Tests rigoureux (QA), beta-tests, utilisation de SDK de géolocalisation fiables, monitoring des erreurs","Mises à jour correctives rapides, support client réactif, communication transparente sur les problèmes connus","2000","10000","5000","1000","4000","2500","2","2","4","Les bugs et problèmes de géolocalisation sont fréquents dans les applications basées sur la localisation. Ils peuvent fortement impacter l'expérience.","Plaintes des utilisateurs, avis négatifs, désinstallation","Perte de réputation, difficulté à acquérir de nouveaux utilisateurs"
"7","1","Marché/Concurrence","Besoin d'atteindre une masse critique d'utilisateurs pour assurer le succès de la plateforme","Manque d'attractivité pour les partenaires, faible monétisation, arrêt du projet","5","4","20","Stratégie marketing agressive, partenariats stratégiques, offre de contenu attrayante au lancement","Campagnes de rétention, ajustement du modèle économique, recherche de nouveaux segments de marché","10000","50000","25000","5000","20000","10000","3","2","6","Sans une base d'utilisateurs suffisante, le modèle économique (notamment B2B) est menacé.","Difficulté à attirer des partenaires, revenus faibles, manque de données","Échec commercial, arrêt du projet"
"8","4","Marché/Concurrence","Concurrence existante dans le domaine des chasses au trésor et des jeux basés sur la localisation","Difficulté à se différencier, perte de parts de marché, guerre des prix","4","4","16","Innovation constante, proposition de valeur unique, marketing ciblé, analyse concurrentielle régulière","Amélioration continue du produit, fidélisation des utilisateurs, diversification des offres","5000","25000","12000","2000","10000","5000","2","2","4","Le marché n'est pas vierge. Il faut se démarquer clairement des solutions existantes.","Faible acquisition d'utilisateurs, pression sur les prix, marges réduites","Difficulté à croître, stagnation"
"9","","Marché/Concurrence","Potentielle saturation du marché des applications de géolocalisation et de jeux en extérieur","Difficulté à acquérir de nouveaux utilisateurs, désintérêt général","3","2","6","Innovation constante, ciblage de niches, expansion géographique rapide","Diversification des fonctionnalités, création de communautés fortes, événements spéciaux","3000","15000","7000","1500","6000","3500","2","1","2","Bien que le marché soit en croissance, une saturation est possible à long terme. La différenciation est clé.","Baisse des taux d'acquisition, augmentation des coûts marketing","Stagnation de la croissance, perte de pertinence"
"10","9","Marché/Concurrence","Risque de baisse du pouvoir d'achat affectant les achats virtuels","Baisse des revenus in-app, réduction des abonnements premium","4","3","12","Offrir des options freemium attractives, diversifier les sources de revenus (B2B), ajuster les prix","Promotions, offres groupées, contenu gratuit de qualité pour maintenir l'engagement","5000","20000","10000","1000","5000","3000","3","2","6","L'économie peut impacter directement les revenus des achats virtuels. La flexibilité du modèle économique est importante.","Baisse des revenus, difficulté à atteindre les objectifs financiers","Réduction des investissements, ralentissement du développement"
"11","","Marché/Concurrence","Concurrence accrue entre destinations touristiques (pour les partenaires B2B)","Difficulté à convaincre les offices de tourisme, réduction des budgets marketing B2B","3","3","9","Mettre en avant le ROI pour les partenaires, offrir des solutions personnalisées, développer des études de cas solides","Programmes de fidélisation pour les partenaires, veille concurrentielle B2B, lobbying auprès des institutions touristiques","2000","10000","5000","1000","4000","2500","2","2","4","Les offices de tourisme ont des budgets limités et sont sollicités par de nombreuses solutions. Il faut prouver la valeur ajoutée de Lootopia.","Moins de partenariats B2B, revenus B2B inférieurs aux prévisions","Difficulté à valider le modèle B2B, impact sur la croissance globale"
"12","3","Réglementaire/Légal","Réglementations strictes GDPR et géolocalisation en Europe","Amendés, poursuites judiciaires, perte de confiance des utilisateurs, interdiction d'opérer","5","4","20","Conformité dès la conception (Privacy by Design), audits légaux réguliers, formation des équipes","Assurance responsabilité civile, plan de réponse aux incidents de conformité, communication transparente avec les autorités","10000","1000000","200000","5000","50000","20000","2","1","2","Le non-respect du GDPR et des règles de géolocalisation peut avoir des conséquences financières et réputationnelles désastreuses.","Amendés, blocage de l'application, perte de données","Atteinte à la réputation, désabonnement massif"
"13","","Réglementaire/Légal","Régulations strictes sur les monnaies virtuelles et NFT","Interdiction d'utiliser certaines fonctionnalités, amendes, complexité légale","4","3","12","Veille légale constante, consultation d'experts juridiques, conception de la monnaie virtuelle en conformité","Adaptation rapide des fonctionnalités, communication avec les régulateurs, plan de transition si nécessaire","5000","50000","20000","2000","10000","5000","2","2","4","Le cadre légal des monnaies virtuelles et NFT est encore flou et évolue rapidement. Cela représente un risque.","Fonctionnalités bloquées, coûts de mise en conformité, amendes","Perte d'innovation, désavantage concurrentiel"
"14","","Réglementaire/Légal","Responsabilités légales accrues pour les données utilisateurs","Poursuites judiciaires, amendes, perte de confiance","4","3","12","Politique de confidentialité claire, consentement éclairé, sécurisation des données, minimisation des données collectées","Assurance, plan de gestion de crise, support juridique","5000","100000","30000","2000","10000","5000","2","1","2","La gestion des données utilisateurs est un enjeu majeur. La transparence et la sécurité sont essentielles.","Litiges, amendes, mauvaise image","Perte d'utilisateurs, impact sur la réputation"
"15","","Financier","Bénéfice/Perte négatif dans le scénario pessimiste","Manque de fonds, arrêt du projet, faillite","5","2","10","Planification financière prudente, diversification des sources de revenus, recherche de financements alternatifs","Réduction des coûts, pivotement du modèle économique, recherche de nouveaux investisseurs","50000","500000","200000","10000","50000","25000","3","1","3","Le scénario pessimiste montre une non-rentabilité. Il est crucial d'avoir un plan pour éviter cela.","Difficultés financières, incapacité à payer les salaires, arrêt des opérations","Échec du projet, perte de crédibilité pour les fondateurs"
"16","","Opérationnel/Utilisateur","Manque de temps pour organiser des activités élaborées (pour les utilisateurs)","Faible engagement, désinstallation de l'application","2","3","6","Proposer des parcours courts et rapides, faciliter la création de parcours par les utilisateurs, intégrer des options de jeu rapide","Notifications ciblées, événements ponctuels, incitations à jouer régulièrement","500","2000","1000","200","800","500","1","1","1","Les utilisateurs ont des contraintes de temps. L'application doit s'adapter à des sessions de jeu courtes.","Baisse de l'engagement, faible rétention","Difficulté à construire une base d'utilisateurs fidèles"
"17","","Opérationnel/Utilisateur","Lassitude des formats classiques (pour les utilisateurs)","Désintérêt, recherche d'alternatives, désinstallation","3","3","9","Innovation constante, renouvellement régulier du contenu, introduction de nouvelles fonctionnalités de jeu","Sondages utilisateurs, analyse des comportements de jeu, personnalisation des expériences","1000","5000","2500","500","2000","1000","2","2","4","Les utilisateurs sont en quête de nouveauté. L'application doit rester fraîche et surprenante.","Baisse de l'engagement, perte d'utilisateurs","Difficulté à se différencier, perte de parts de marché"
"18","","Opérationnel/Utilisateur","Coordination complexe avec son groupe d'amis (pour les utilisateurs)","Moins de jeux en groupe, frustration, désinstallation","2","3","6","Outils de planification intégrés, invitations simplifiées, fonctionnalités de groupe intuitives","Support client pour l'organisation de groupe, tutoriels sur les fonctionnalités de groupe","500","2000","1000","200","800","500","1","1","1","Les jeux en groupe sont un facteur d'engagement important. Il faut faciliter leur organisation.","Moins d'interactions sociales, baisse de l'engagement","Difficulté à construire une communauté forte"
"19","","Opérationnel/Utilisateur","Difficulté à trouver des activités originales et sociales (pour les utilisateurs)","Désintérêt, recherche d'alternatives, désinstallation","3","3","9","Mettre en avant la singularité de Lootopia, promouvoir les parcours créés par les utilisateurs, organiser des événements spéciaux","Campagnes marketing ciblées, partenariats avec des influenceurs, témoignages utilisateurs","1000","5000","2500","500","2000","1000","2","2","4","Lootopia doit répondre au besoin d'expériences uniques. La communication de cette valeur est essentielle.","Faible acquisition, faible rétention","Perte de pertinence sur le marché"
"20","","Opérationnel/Utilisateur","Crainte que l'application ne soit pas intuitive (pour les utilisateurs)","Frustration, désinstallation, avis négatifs","3","4","12","Tests utilisateurs (UX/UI), design épuré, tutoriels clairs, onboarding guidé","Support client réactif, FAQ complète, mises à jour basées sur les retours utilisateurs","1000","5000","2500","500","2000","1000","1","2","2","L'intuitivité est cruciale pour une application mobile. Une mauvaise UX est rédhibitoire.","Taux de désinstallation élevé, avis négatifs","Mauvaise réputation, difficulté à acquérir de nouveaux utilisateurs"
"21","","Opérationnel/Utilisateur","Que les parcours manquent d'intérêt (pour les utilisateurs)","Désengagement, désinstallation, avis négatifs","4","3","12","Processus de curation de contenu rigoureux, outils de création de parcours enrichis, incitation à la créativité des utilisateurs","Sondages de satisfaction, analyse des parcours les plus joués, suppression des parcours de mauvaise qualité","2000","10000","5000","1000","4000","2500","2","2","4","La qualité des parcours est le cœur de l'expérience Lootopia. Il faut garantir un contenu riche et varié.","Baisse de l'engagement, perte d'utilisateurs, avis négatifs","Perte d'attractivité, difficulté à monétiser"
"22","","Opérationnel/Utilisateur","Manque de clarté sur les règles du jeu ou les récompenses (pour les utilisateurs)","Frustration, confusion, désengagement","3","3","9","Règles claires et concises, explications visuelles, FAQ détaillée, support client accessible","Tutoriels interactifs, système de récompenses transparent, communication régulière sur les nouveautés","500","2000","1000","200","800","500","1","1","1","La compréhension des règles et des récompenses est essentielle pour l'engagement des joueurs.","Frustration des utilisateurs, baisse de l'engagement","Difficulté à fidéliser les utilisateurs"
"23","","Opérationnel/Utilisateur","Manque de retours immédiats sur la performance (pour les utilisateurs)","Désengagement, manque de motivation, perte d'intérêt","2","3","6","Feedback visuel et sonore en temps réel, tableaux de bord de performance, notifications de progrès","Système de classement dynamique, récompenses intermédiaires, célébration des succès","500","2000","1000","200","800","500","1","1","1","Les joueurs ont besoin de savoir où ils en sont et comment ils progressent pour rester motivés.","Baisse de la motivation, désengagement","Faible rétention des utilisateurs"
"24","","Opérationnel/Utilisateur","Difficulté à trouver la communauté ou à échanger avec d'autres joueurs (pour les utilisateurs)","Isolement, désengagement, perte de l'aspect social","2","3","6","Fonctionnalités sociales intégrées (chat, forums), événements communautaires, promotion des groupes locaux","Modération active, support pour la création de groupes, incitation aux interactions","500","2000","1000","200","800","500","1","1","1","L'aspect communautaire est un pilier de l'engagement. Il faut le faciliter.","Moins d'interactions sociales, baisse de l'engagement","Difficulté à construire une communauté forte et fidèle"
"25","","Opérationnel/Utilisateur","Hésitation à payer pour du contenu premium si la valeur ajoutée n'est pas évidente (pour les utilisateurs)","Faible taux de conversion, revenus inférieurs aux prévisions","4","3","12","Mettre en avant la valeur ajoutée du premium, offrir des essais gratuits, proposer des paliers d'abonnement clairs","Analyse des comportements d'achat, ajustement des offres premium, promotions ciblées","2000","10000","5000","1000","4000","2500","2","2","4","La monétisation dépend de la perception de la valeur du contenu premium. Il faut la rendre évidente.","Revenus faibles, difficulté à financer le développement","Impact sur la rentabilité, ralentissement de la croissance"
"26","7","Opérationnel/Utilisateur","Risque de lassitude si les contenus ne sont pas renouvelés ou si la progression devient trop difficile (pour les utilisateurs)","Désengagement, désinstallation, perte d'utilisateurs","4","4","16","Planification de contenu régulier, introduction de nouveaux défis, ajustement de la difficulté des parcours","Analyse des taux de complétion, sondages utilisateurs, événements spéciaux pour relancer l'intérêt","2000","10000","5000","1000","4000","2500","2","2","4","La fraîcheur du contenu et une progression équilibrée sont essentielles pour maintenir l'engagement à long terme.","Baisse de la rétention, perte d'utilisateurs actifs","Difficulté à maintenir la base d'utilisateurs, impact sur les revenus récurrents"
"27","","Opérationnel/Partenaire B2B","Difficulté à mesurer l'impact des initiatives marketing (pour les partenaires B2B)","Manque de renouvellement des contrats, insatisfaction des partenaires","3","3","9","Outils de reporting clairs et détaillés, indicateurs de performance clés (KPI) pertinents, études de cas probantes","Accompagnement personnalisé des partenaires, ajustement des métriques de suivi, communication régulière sur les succès","1000","5000","2500","500","2000","1000","2","2","4","Les partenaires B2B ont besoin de preuves tangibles du ROI. La mesure d'impact est cruciale pour la fidélisation.","Perte de partenaires, difficulté à acquérir de nouveaux contrats B2B","Impact sur les revenus B2B, stagnation du développement commercial"
"28","","Opérationnel/Partenaire B2B","Saisonnalité marquée de l'activité touristique (pour les partenaires B2B)","Revenus B2B irréguliers, difficulté à planifier les ressources","3","4","12","Développer des offres pour les périodes creuses, cibler des secteurs moins saisonniers (ex: entreprises locales), diversifier les types de partenaires","Budgets marketing flexibles, équipes commerciales adaptables, promotions hors saison","1000","5000","2500","500","2000","1000","2","2","4","La dépendance au tourisme peut entraîner des fluctuations de revenus. Il faut lisser cette saisonnalité.","Revenus B2B instables, difficulté à maintenir les équipes","Impact sur la trésorerie, ralentissement de la croissance"
"29","","Opérationnel/Partenaire B2B","Besoin d'innover avec des ressources limitées (pour les partenaires B2B)","Manque d'attractivité de l'offre, perte de partenaires, stagnation","3","3","9","Proposer des solutions modulables et évolutives, offrir un support créatif, mutualiser les ressources avec d'autres partenaires","Programmes de co-création, ateliers d'innovation, veille sur les besoins des partenaires","1000","5000","2500","500","2000","1000","2","2","4","Les partenaires B2B, notamment les offices de tourisme, ont souvent des budgets contraints. L'offre doit être innovante et accessible.","Difficulté à signer de nouveaux contrats, perte de partenaires existants","Impact sur la croissance B2B, réputation de l'offre"
"30","","Opérationnel/Partenaire B2B","Doute sur la capacité de l'équipe à mettre en œuvre le projet (pour les partenaires B2B)","Hésitation à s'engager, perte de confiance, annulation de projets","3","2","6","Mettre en avant l'expertise de l'équipe, présenter des cas de succès, offrir des garanties de service","Accompagnement renforcé, communication transparente sur les avancées, gestion de projet collaborative","1000","5000","2500","500","2000","1000","2","1","2","Les partenaires B2B ont besoin d'être rassurés sur la capacité de Lootopia à délivrer. La crédibilité de l'équipe est essentielle.","Moins de partenariats, difficulté à convaincre","Impact sur la réputation, ralentissement du développement commercial"
"31","","Opérationnel/Partenaire B2B","Crainte d'un manque d'adhésion interne (pour les partenaires B2B)","Résistance au changement, faible adoption de la solution, échec du projet interne","3","2","6","Impliquer les équipes internes des partenaires dès le début, proposer des formations, communiquer sur les bénéfices pour tous","Support continu, ateliers de co-création, retours d'expérience positifs des autres équipes","1000","5000","2500","500","2000","1000","2","1","2","L'adoption d'une nouvelle solution par les équipes internes des partenaires est un défi. Il faut les accompagner.","Faible utilisation de la solution, insatisfaction du partenaire","Non-renouvellement du contrat, mauvaise publicité"
"32","","Opérationnel/Partenaire B2B","Incertitude sur le retour sur investissement (pour les partenaires B2B)","Hésitation à investir, annulation de projets, non-renouvellement des contrats","4","3","12","Présenter des projections de ROI claires, offrir des garanties de performance, proposer des modèles de rémunération basés sur le succès","Suivi régulier des KPI, ajustement des stratégies, études de cas détaillées","2000","10000","5000","1000","4000","2500","2","2","4","Le ROI est la principale préoccupation des partenaires B2B. Il faut le prouver et le garantir.","Moins de contrats B2B, revenus inférieurs aux prévisions","Impact sur la croissance B2B, difficulté à valider le modèle économique"
"33","","Opérationnel/Partenaire B2B","Complexité administrative, lenteur des validations (pour les partenaires B2B)","Retards de projet, frustration des partenaires, annulation de projets","3","3","9","Simplifier les processus contractuels, offrir un support administratif dédié, anticiper les délais de validation","Communication proactive sur les étapes, flexibilité des plannings, escalade rapide des problèmes","1000","5000","2500","500","2000","1000","2","2","4","Les processus administratifs des grandes organisations peuvent être longs. Il faut les gérer proactivement.","Retards de mise en œuvre, insatisfaction des partenaires","Perte d'opportunités, impact sur la réputation"
"34","","Opérationnel/Partenaire B2B","Crainte de dépasser le budget ou de ne pas atteindre les objectifs fixés (pour les partenaires B2B)","Hésitation à investir, annulation de projets, non-renouvellement des contrats","4","3","12","Budgets clairs et transparents, suivi régulier des dépenses, ajustement des objectifs si nécessaire, garanties de performance","Flexibilité budgétaire, plans d'action correctifs, communication proactive sur les écarts","2000","10000","5000","1000","4000","2500","2","2","4","Les partenaires B2B sont très sensibles au respect du budget et des objectifs. Il faut les rassurer.","Moins de contrats B2B, revenus inférieurs aux prévisions","Impact sur la croissance B2B, perte de confiance"
"35","","Opérationnel/Partenaire B2B","Risque de retard dans la production du contenu (pour les partenaires B2B)","Retards de lancement, insatisfaction des partenaires, perte d'opportunités","3","3","9","Processus de création de contenu clair, outils de création simplifiés, support dédié à la production de contenu","Planification détaillée, jalons intermédiaires, équipes de secours, communication proactive sur les délais","1000","5000","2500","500","2000","1000","2","2","4","La création de contenu est souvent un goulot d'étranglement. Il faut optimiser ce processus.","Retards de lancement, insatisfaction des partenaires","Perte de revenus, mauvaise réputation"
"36","","Opérationnel/Partenaire B2B","Difficulté à coordonner les partenaires locaux avant l'échéance saisonnière (pour les partenaires B2B)","Manque de préparation, lancement raté, perte d'opportunités saisonnières","3","3","9","Planification anticipée, communication régulière, outils de collaboration partagés, support dédié à la coordination","Flexibilité des plannings, équipes de renfort, communication proactive sur les défis","1000","5000","2500","500","2000","1000","2","2","4","La coordination avec de multiples acteurs locaux est complexe, surtout avec des échéances saisonnières. Une bonne gestion de projet est essentielle.","Lancement retardé ou raté, perte de revenus saisonniers","Insatisfaction des partenaires, impact sur la réputation"
"37","","Opérationnel/Partenaire B2B","Peur d'un lancement qui ne rencontre pas le succès escompté (pour les partenaires B2B)","Perte de crédibilité, non-renouvellement des contrats, impact sur la réputation","4","2","8","Campagnes de communication solides, événements de lancement attractifs, mobilisation des influenceurs, tests préalables","Plans de contingence, ajustement rapide des stratégies, communication post-lancement transparente","2000","10000","5000","1000","4000","2500","2","1","2","Le succès du lancement est crucial pour les partenaires B2B. Il faut minimiser les risques d'échec.","Insatisfaction des partenaires, perte de revenus B2B","Mauvaise réputation, difficulté à acquérir de nouveaux partenaires"
"38","","Opérationnel/Partenaire B2B","Difficulté à mobiliser les relais locaux (pour les partenaires B2B)","Faible visibilité, faible adoption, échec des campagnes marketing locales","3","3","9","Identifier les relais clés, les impliquer tôt, offrir des outils de communication adaptés, les former","Incitations pour les relais, suivi régulier, ajustement des stratégies de mobilisation","1000","5000","2500","500","2000","1000","2","2","4","Les relais locaux sont essentiels pour la diffusion de l'offre. Il faut les activer efficacement.","Faible visibilité locale, faible acquisition d'utilisateurs","Impact sur la croissance, difficulté à atteindre les objectifs"
"39","","Opérationnel/Partenaire B2B","Risque de retours négatifs des premiers utilisateurs (pour les partenaires B2B)","Mauvaise image, perte de confiance, impact sur les ventes des partenaires","4","2","8","Tests utilisateurs approfondis, beta-tests, gestion des attentes, support client réactif","Communication transparente, plan de gestion de crise, ajustement rapide des problèmes, offres de compensation","2000","10000","5000","1000","4000","2500","2","1","2","Les premiers retours sont cruciaux. Il faut s'assurer d'une expérience positive pour éviter une mauvaise publicité.","Plaintes des utilisateurs, avis négatifs, impact sur les ventes des partenaires","Mauvaise réputation, difficulté à acquérir de nouveaux utilisateurs et partenaires"
"40","","Opérationnel/Partenaire B2B","Difficulté à mesurer l'impact réel (pour les partenaires B2B)","Manque de renouvellement des contrats, insatisfaction des partenaires","3","3","9","Outils de reporting clairs et détaillés, indicateurs de performance clés (KPI) pertinents, études de cas probantes","Accompagnement personnalisé des partenaires, ajustement des métriques de suivi, communication régulière sur les succès","1000","5000","2500","500","2000","1000","2","2","4","Les partenaires B2B ont besoin de preuves tangibles du ROI. La mesure d'impact est cruciale pour la fidélisation.","Perte de partenaires, difficulté à acquérir de nouveaux contrats B2B","Impact sur les revenus B2B, stagnation du développement commercial"
"41","","Opérationnel/Partenaire B2B","Risque de lassitude si l'innovation ne se renouvelle pas (pour les partenaires B2B)","Désintérêt des partenaires, recherche d'alternatives, non-renouvellement des contrats","4","3","12","Veille concurrentielle, R&D continue, proposition de nouvelles fonctionnalités et services, ateliers d'innovation avec les partenaires","Programmes de fidélisation, offres exclusives, communication proactive sur les évolutions futures","2000","10000","5000","1000","4000","2500","2","2","4","Les partenaires B2B recherchent des solutions innovantes. Il faut maintenir Lootopia à la pointe.","Perte de partenaires, difficulté à acquérir de nouveaux contrats B2B","Impact sur les revenus B2B, perte de compétitivité"
"42","","Opérationnel/Partenaire B2B","Nécessité de justifier les investissements auprès de la direction (pour les partenaires B2B)","Difficulté à obtenir des budgets, annulation de projets, non-renouvellement des contrats","3","3","9","Fournir des données de ROI claires, des études de cas solides, des présentations percutantes, un support pour les pitchs internes","Accompagnement dans la préparation des dossiers, communication des succès, témoignages de partenaires satisfaits","1000","5000","2500","500","2000","1000","2","2","4","Les partenaires B2B doivent justifier leurs dépenses en interne. Lootopia doit les aider dans cette démarche.","Moins de contrats B2B, revenus inférieurs aux prévisions","Impact sur la croissance B2B, difficulté à valider le modèle économique"
